word,count
ల,83318
న,79608
త,63833
క,62110
ర,58720
ప,51031
చ,45120
స,44409
వ,41888
ద,41056
ట,40284
య,32831
గ,32547
మ,28820
డ,23640
బ,11063
జ,9159
శ,7275
ధ,6021
లక,5422
ఉ,5242
ణ,4314
ష,4288
అ,4251
of,4010
హ,4007
లన,3919
రత,3688
ళ,3507
భ,3419
ఉత,3385
తర,3384
తగ,3355
థ,3279
వల,3245
ఈ,3115
eenadu,3041
and,3006
or,3001
అన,2905
సర,2892
ఫ,2891
పర,2879
రక,2800
కన,2476
పత,2449
యత,2334
వస,2230
ఇ,2214
ఈన,2213
ఎక,2159
కల,2105
వహ,2085
దర,2077
వచ,2055
email,2013
net,2010
for,2001
gst,2001
contents,2000
రణ,1973
రకటనల,1925
ఠక,1915
లల,1851
మర,1806
ఎ,1754
రస,1747
ఉన,1745
రమ,1735
థల,1676
ఆర,1626
పడ,1592
ఇద,1588
షయ,1518
పన,1512
వట,1505
పట,1496
సమ,1492
ఖ,1473
దన,1457
యల,1453
అభ,1401
వర,1367
నట,1342
ఆయ,1311
తల,1300
ఇల,1296
సమస,1258
కడ,1216
గమన,1200
నన,1199
టర,1198
చద,1189
అధ,1165
షన,1139
లత,1119
జమ,1114
ఒక,1095
అయ,1062
వరక,1040
2025,1033
in,1033
the,1010
digital,1003
any,1003
by,1002
is,1002
040,1002
ap,1001
ethics,1001
re,1001
enterprises,1001
ushodaya,1001
be,1001
code,1001
thereof,1000
consent,1000
without,1000
37aaacu2690p1zq,1000
computers,1000
contact,1000
pvt,1000
reproduction,1000
1999,1000
powered,1000
persons,1000
such,1000
illegal,1000
margadarsi,1000
reserved,1000
advertisements,1000
all,1000
marketing,1000
website,1000
follows,1000
dnpa,1000
are,1000
prosecuted,1000
infonet,1000
feedback,1000
protected,1000
copy,1000
copyright,1000
will,1000
36aaacu2690p1zs,1000
23318181,1000
tg,1000
uepl,1000
use,1000
editorial,1000
rights,1000
this,1000
ltd,1000
part,1000
settings,999
cookie,999
privacy,999
మన,993
వగ,963
కర,960
ధస,956
పబడత,955
బట,945
నప,936
యన,933
ఇవ,929
తక,919
తప,908
అల,893
పద,891
తమ,885
కప,875
మధ,866
డట,850
వడ,844
ఆ,830
అద,816
పల,813
అప,804
రభ,785
గర,765
అవ,765
చర,764
షణ,739
ఇప,716
రయ,705
జన,702
యక,698
ఇన,692
చట,689
ఏర,689
డర,680
గత,670
అవక,669
ఎల,669
నవ,667
అడ,665
జర,658
బర,636
కట,635
చన,633
తన,633
జబ,619
శర,616
ఆహ,616
పక,605
నగర,598
ఎస,591
ఏ,576
రవ,570
దల,570
ఇళ,565
సమయ,555
యమ,550
అత,544
దగ,543
అమ,531
టల,527
ఫల,523
అవసర,520
షల,510
ఉద,495
నస,485
గట,480
రల,479
నమ,476
మల,467
రప,467
కణ,466
ఎన,458
అక,454
ఆక,450
ధక,450
ఇక,447
వన,444
తయ,443
మత,440
చడ,437
రద,436
యట,431
టమ,431
బడ,430
ఆస,427
డల,424
మహ,423
వద,420
గన,410
లభ,405
ఉపయ,401
వయస,396
ఏడ,393
రన,388
యయన,382
ఎద,380
ఆమ,379
టన,375
దడ,375
యర,375
ఛ,374
ధరల,372
చల,370
నక,364
అర,362
లయ,361
నల,360
గద,348
బత,347
గడ,343
ఇట,343
భవ,336
ఆధ,334
సన,327
లప,326
నద,325
ఇతర,321
ఖర,318
భవన,315
తస,310
మద,307
దట,306
ధర,305
యవస,305
నర,303
ఒత,303
రధ,301
ఆల,299
ఇబ,298
లగ,292
చక,291
కమ,291
నడ,286
యడ,282
ఏళ,282
2,282
ఎత,281
ఎప,281
శక,275
డద,267
ఇస,266
కళ,265
ఎవర,264
3,263
లర,260
డక,256
షక,256
అస,256
అవసరమ,255
ఏద,253
ఆన,250
ళల,248
వరణ,246
బల,244
రయత,244
ఓ,243
ఒకట,243
సల,241
ఉప,240
ఆఫ,238
వత,237
కష,236
ఎమ,236
లలక,235
5,233
ధత,230
కద,225
ఆద,224
చదరప,221
వక,221
మక,219
దక,218
గల,217
ఊప,215
1,212
ఒ,211
వరగ,210
అలవ,210
ణయ,207
తవ,206
హన,205
20,203
రహద,202
ఐట,202
రగ,200
గలవ,200
సవ,199
శయ,199
తట,197
ఐద,193
శమ,191
హద,191
కత,191
సహ,187
ధన,186
పడత,185
అవయవ,184
దమ,184
రశ,183
లమ,183
ఒకవ,183
టప,182
బయటక,182
10,182
మనస,179
డవ,179
కగ,176
యస,175
రచ,173
పథ,173
లడ,171
బయటపడ,171
సక,170
ఘక,169
భర,169
రట,169
బయ,168
తద,168
జల,168
హర,167
పడట,165
లవ,164
టక,163
థమ,163
బయట,161
30,161
ఇవన,161
ఒకర,161
ఇచ,160
ఐ,158
దశల,155
తరచ,154
ఆసక,152
టట,151
రకరక,151
పప,149
లట,149
మరణ,148
ధపడ,148
40,147
6,147
నచ,146
గమ,145
50,145
మళ,145
8,144
సహజ,144
ఆప,144
7,143
4,143
15,143
సలహ,138
రహ,137
ఇష,137
ఏమ,135
ళన,135
చవ,133
పడక,132
గజ,130
డగ,130
ఆశ,130
దలవ,130
ఆట,128
కచ,127
వటమ,127
అవగ,127
ఉబ,127
దవ,126
ఘ,125
డబ,125
ఠ,125
ఊబక,125
డన,124
ఎకర,124
అట,121
గపడ,120
సత,119
డత,118
గణ,118
రపడ,118
ఆగ,117
ఎఫ,117
లజ,117
మట,117
యద,116
సద,115
వవ,115
ఆలస,114
బద,114
ణమ,114
రగడ,113
అసల,113
ధనల,113
పచ,113
టడ,113
నగ,112
ఉదయ,112
మనక,112
భయ,111
చనల,110
ఆడ,108
రగట,107
9,105
రణమ,105
ఎర,104
చకప,103
ఞ,103
లసర,103
యలన,102
ఏక,102
వనశ,102
నత,101
తవరక,101
ఏట,100
ఒకప,98
మచ,98
బహ,98
12,97
పస,96
హక,96
సభ,95
కణజ,95
తమవ,95
ఆయన,94
ఇతరత,93
మడ,93
ఆవ,93
కదల,92
దద,91
సమర,91
శస,91
యలక,91
కలన,90
అబ,90
రవర,90
మగ,90
సరఫర,88
దశ,88
ఒకస,88
యవ,87
రకట,87
వసత,87
25,87
తరహ,87
ఈస,87
రణక,86
గణన,86
పష,86
లబ,85
లస,84
సగట,84
మస,83
డప,83
యగ,82
80,82
సగ,82
రదర,81
ఆత,80
60,80
జయ,79
గస,78
రణమవ,78
మనద,78
నపడ,78
కరణ,78
18,78
శన,76
యవసర,76
తత,76
యకప,76
టయ,76
100,75
అగ,75
గళ,75
దరఖ,74
ఢ,74
ఓఆర,74
యయ,74
భధ,74
ఫర,72
యతల,72
షవ,72
భద,71
ఒమ,71
గపడత,71
ఆకర,70
అలర,70
శహర,69
భస,69
పగ,69
షనల,69
కస,68
సమత,68
ఒప,68
ఆకల,68
దయ,67
యకరమ,66
సబ,66
తలన,66
అమర,66
నష,66
మగవ,65
రణల,65
ఏవ,65
యధ,65
ధమ,65
ఓట,65
చవచ,65
వయ,65
19,63
వలయ,63
గవ,63
ఉపశమన,62
ధకశక,62
కక,62
70,62
తమక,62
మణ,62
వరల,61
వమ,61
ణద,61
మనల,61
బలహ,60
దకర,60
టపడ,60
హరణక,60
డడ,60
కలక,60
చగ,60
మమ,60
ఖల,59
నయ,59
లలన,59
ఉల,59
వలపర,58
ఇర,58
శవ,57
అడవ,56
కనబడ,56
లకణ,56
90,55
షత,55
పమ,55
కవ,54
రమత,54
తనక,54
యజమ,54
భయపడ,54
యలత,54
ఆడవ,53
చదన,53
ఖన,53
డటమ,53
ణక,53
రజ,53
ఎడమ,53
పళ,53
షణల,53
13,53
11,53
ఎయ,52
ళలక,52
నడక,52
రజల,51
అవసరమవ,51
24,51
ఔషధ,50
రమల,50
యవచ,50
మవ,50
తడ,50
సమక,50
చగల,50
వడమ,50
చడమ,49
టలక,49
రష,49
జట,49
ఎలక,49
ఎట,48
దప,48
యప,48
500,48
ఎగ,48
యవహర,47
ఐవ,47
35,47
ఆగస,47
తరగత,46
మరమ,46
తరణ,46
అమల,46
14,46
పశ,46
ఒడ,46
పథక,46
ధరణ,45
చటమ,45
గచ,45
డయ,45
యమన,45
గక,45
తమయ,45
16,44
అదన,44
ఆటల,44
జయవ,44
హస,44
లద,44
వహణ,44
మలబద,44
నబ,44
బన,44
రసరణ,43
యటమ,43
డదన,43
తకన,43
వభ,43
జనన,43
ఉపవ,43
జపప,42
వణ,42
థయమ,42
దలయ,41
టబ,41
యవహ,41
ఐరన,41
యతరగత,41
45,41
ఉష,41
రడ,41
0,41
థన,41
ఓప,40
యపడ,40
యదర,40
గకప,40
దస,40
ఐస,40
200,40
ఓస,40
ఈమ,40
ఉడ,39
డకప,39
తలత,39
లకమ,39
చమ,39
ఈఎ,39
అరగ,39
ఏప,39
తగద,39
యగల,39
ఐజ,39
21,39
సరసమ,38
యకల,38
అనర,38
టగ,38
నహ,38
షప,37
మలద,37
అరచ,37
అదనప,37
17,37
ఠశ,37
పకశక,37
దలక,37
ఇమ,37
శల,37
అశ,36
ఓటర,36
హఠ,36
తమన,36
ఈవ,35
సప,35
టవర,35
జక,35
టత,35
శప,35
డస,35
150,35
యవధ,35
ఎడ,35
నకప,34
రతన,34
తలక,34
పడకల,34
గణనల,34
కఠ,34
రబ,33
ఆకట,33
చప,33
యమవ,33
తకణ,33
మనదగ,33
జప,33
లబడ,33
బస,33
సహజమ,33
ఆపర,33
నడవట,33
ఏస,32
కలల,32
దనల,32
షయమ,32
అనగ,32
ఒళ,32
వదల,32
షర,32
నపడక,32
65,32
సజ,32
75,32
ఉమ,32
అవట,31
నడవ,31
పరద,31
కలప,31
టమవ,31
వరణహ,31
గరగ,31
శగ,31
టణ,31
కయ,31
23,31
యవర,31
ధరక,31
తరల,31
చయ,31
22,31
రలన,30
మజ,30
తనన,30
లకప,30
షణక,30
రగబ,30
దకరమ,30
సహక,30
థక,30
ఘన,30
పడమర,29
దళ,29
అలసట,29
టకప,29
ఈత,29
యథ,29
రమవ,29
భమ,29
అజ,29
రజస,28
యజ,28
హల,28
ఆచ,28
డగల,28
000,28
మనమ,28
రమణ,28
ఘట,28
యబ,28
కథ,28
రహణ,28
అరట,27
రగన,27
నజ,27
ఊడ,27
షలక,27
ఉచ,27
పజ,27
పయ,27
కలత,27
వలప,26
26,26
తవయస,26
సహజస,26
జనరల,26
28,26
యతన,26
ఆసన,26
2024,26
పరమ,26
సహకర,26
ధమన,26
sukhi,25
ఉక,25
అపర,25
అటవ,25
డమ,25
మయ,25
అనవసర,25
దఎత,25
400,25
పగట,25
జధ,24
చచ,24
ఓవర,24
ఒకరక,24
అతడ,24
డలన,24
కతన,24
వలన,23
రగత,23
షమ,23
బక,23
అణ,23
ణత,23
తరవ,23
చబ,23
సదర,23
రకమ,23
ఆదరణ,23
సమగ,23
వనర,23
ఒకద,23
భన,23
అతన,23
బలమ,23
హమ,23
సరద,23
లలత,22
రఫ,22
31,22
పరచ,22
300,22
అలస,22
రథ,22
ఏజ,22
ళనల,22
టస,22
ఈశ,22
తబ,22
కబ,21
బయల,21
ఊహ,21
2024ల,21
ఐప,21
డవల,21
29,21
లవర,21
ఐబ,21
ఆఫర,21
కథన,21
అహ,21
2022ల,21
యకర,21
శబ,21
ఖద,21
డలక,21
95,21
టగద,21
యచ,21
యడమ,21
గదర,20
ళక,20
దత,20
ణల,20
ణమవ,20
తనల,20
భట,20
పవ,20
ఐఐట,20
జగన,20
రలవ,20
ఆడప,20
పరగడ,20
నతన,20
48,20
మలక,20
డకమ,20
2023,20
జనవర,20
నగద,20
టద,19
ఏమవ,19
జశ,19
లవణ,19
ఆలయ,19
యపర,19
120,19
రతల,19
దరగ,19
పలకర,19
ఘటనల,19
పదవ,19
పడన,19
తరబడ,19
టవ,19
భక,19
చనత,19
జరగ,19
మరచ,19
ఊర,19
బయటపడత,19
రగక,19
అణచ,18
డవక,18
పణల,18
రమబద,18
అవసరమన,18
3వ,18
షణన,18
పబ,18
హబ,18
పతక,18
నగరవ,18
గరల,18
జనక,18
మరస,18
జలమ,18
తహ,18
దరక,18
అవతల,18
ఓఎస,18
ధల,18
కతల,18
గగ,18
ఒర,18
సయ,18
కదలట,18
దరకప,18
38,18
థలన,18
జస,18
యశ,17
సమన,17
రమన,17
ఏఐ,17
42,17
కనక,17
రళ,17
ఆశల,17
వశ,17
దజ,17
27,17
భజ,17
తటద,17
జత,17
ఆఖర,17
వతక,17
థర,17
టమన,17
33,17
ఉపర,17
యమధ,17
రర,17
నయమవ,17
250,17
తలప,17
కరమ,17
రతక,16
గశ,16
రవడ,16
రణమన,16
బలవ,16
ధమవ,16
లవట,16
ఏయ,16
లభతర,16
ఆయనక,16
రమక,16
రలత,16
థలక,16
ఔటర,16
కదలక,16
రజలక,16
ఈతర,16
కతత,16
health,16
కలగ,16
సలన,16
2021,16
లకడగ,16
estate,16
సదస,16
real,16
పగల,15
180,15
తనఖ,15
డతల,15
షణమ,15
భమవ,15
పవర,15
55,15
అఫ,15
యవసరమ,15
వతల,15
ధకత,15
కఫ,15
వనస,15
షలత,15
72,15
తరణత,15
ఐక,15
ణశక,15
కసరత,15
ఐర,15
20వ,15
2023ల,15
85,15
సకల,15
తతన,14
కలగజ,14
ధరలక,14
2022,14
టనవ,14
5వ,14
హత,14
ఈఆర,14
దలన,14
శత,14
రథమ,14
యకత,14
కరణక,14
వప,14
ఓడ,14
డలప,14
పడకప,14
కడక,14
సనల,14
గయ,14
యవలయ,14
భజన,14
డకట,14
ఈడ,14
రణమయ,14
54,14
600,14
షయగ,13
ఐఆర,13
జరగక,13
వజ,13
గరక,13
కలగట,13
ఇడ,13
సవర,13
గప,13
వడప,13
india,13
ఆచర,13
నగల,13
ఉర,13
హయత,13
ఢత,13
యమయ,13
ఇకప,13
నవజ,13
2030,13
దరద,13
లతల,13
వరద,13
ఊత,13
ణర,13
ఆటగ,13
34,13
32,13
నవయస,13
యణ,13
మడమల,13
శరవ,13
తరక,13
దలత,13
లదన,13
తలస,13
కథల,13
52,13
డచ,13
భయమ,13
ఈజ,13
1000,13
గవర,13
తపడచ,13
రసత,12
ణమయ,12
ఒనగ,12
ఆడట,12
ణవ,12
లనల,12
రపర,12
మతత,12
మహత,12
గపట,12
37,12
షనర,12
రమయ,12
మకమ,12
501,12
నకబడ,12
యసన,12
ఊరట,12
హయ,12
దజల,12
512,12
రకటన,12
ఘనత,12
68,12
జయనగర,12
కనట,12
ఓల,12
శనగ,12
10వ,12
దశక,12
మలత,12
థలత,12
మగప,12
ఈప,12
రగడమ,12
నటమ,12
రపట,12
బమ,12
జరగన,12
జనల,12
ఫలక,12
గటమ,12
దవచ,12
20ల,12
జనమ,12
పరస,12
పకల,11
లకల,11
రహస,11
ఓణ,11
దనన,11
జడ,11
111,11
కలవట,11
సమయమ,11
జగ,11
election,11
దవయస,11
చరల,11
మప,11
కజ,11
నయమయ,11
మనర,11
43,11
చదవ,11
సలత,11
ఖలన,11
800,11
దకప,11
దనట,11
ఒకచ,11
టలన,11
కమక,11
2021ల,11
తనద,11
ఏమన,11
పతన,11
తమద,11
వకప,11
ఆవరణల,11
జఠర,11
పణ,11
2019ల,11
రనగర,11
టచ,11
ఓవ,11
హరణ,11
వరస,10
చదవట,10
చలన,10
అవకర,10
దవడ,10
ఏన,10
బయటపడట,10
మశ,10
శరణ,10
టమర,10
రతద,10
61,10
64,10
అవసరమయ,10
టలత,10
news,10
diabetes,10
నయమ,10
మలన,10
ఈతక,10
లలప,10
ఏల,10
photos,10
హడ,10
బణ,10
వగడ,10
ఊళ,10
ణధ,10
ఉపకర,10
కలబ,10
చత,10
ఆగక,10
results,10
నమవ,10
గకర,10
62,10
ఎగదన,10
షణత,10
ఘర,10
15వ,10
140,10
నమస,10
టటమ,10
నలక,10
50వ,10
350,10
4వ,10
ఆదర,10
రకడ,10
కడత,10
పడగ,10
ఫరస,10
భమయ,10
యభ,10
అథ,10
ధనలక,10
ళలన,10
శనమ,10
cancer,10
డవన,10
కశ,10
46,10
కడల,10
చగలర,9
నడమ,9
వరసల,9
టపన,9
దశలవ,9
అవసరపడ,9
58,9
67,9
ఛమ,9
ఐఎన,9
మసల,9
కనబర,9
తపర,9
ఎగబ,9
మరవర,9
ణప,9
వధ,9
అనల,9
చస,9
ఫలద,9
రమశ,9
యవయస,9
ఐడ,9
రసర,9
కలగక,9
అడగ,9
ధపడట,9
36,9
కవర,9
ఆచరణల,9
ఈక,9
శకత,9
రకణ,9
అలవడ,9
ళత,9
కలవర,9
కమర,9
అవన,9
తదన,9
ఆరబ,9
సట,9
యరశ,9
బజ,9
యలప,9
రతత,9
ఉదయప,9
దశగ,9
వటమన,9
డడమ,9
తపడ,9
పడద,9
ఉపకరణ,9
125,9
రపరచ,9
ధరలత,9
instagram,9
పనక,9
ఓర,9
రవహ,9
కటక,9
జకవర,9
గఢ,9
దరన,8
ఆపల,8
తమల,8
గబగబ,8
తతక,8
దచ,8
షణగ,8
ఒహ,8
ధరలన,8
బడల,8
2000,8
టగల,8
బగ,8
వలస,8
ఆపట,8
గడప,8
వరన,8
ఖక,8
ఘటన,8
యబడ,8
సమయమన,8
దకత,8
వదలట,8
ళనక,8
అసమ,8
57,8
ఫలమ,8
లకన,8
థత,8
తలచ,8
సలక,8
ఆనవ,8
56,8
76,8
ఖపట,8
700,8
ఎదగట,8
తబస,8
ఆశయ,8
భప,8
ధనలన,8
షగ,8
భత,8
41,8
ఆభరణ,8
home,8
కలవ,8
నమలట,8
చలక,8
benefits,8
ఛత,8
5జ,8
నబడ,8
ఆవహ,8
రపత,8
దగమన,8
రగటమ,8
2019,8
చదవడ,8
యపరమ,8
ఐఐఐడ,8
మహమ,8
ఈమధ,8
నవన,8
సడల,8
టవశ,8
exercise,8
లనక,8
టపర,8
మసక,8
అయస,8
జవ,8
తసరఫర,8
ణస,8
టవచ,7
పడకగద,7
ధగ,7
తరఫ,7
ఉజ,7
83,7
లపల,7
158,7
దశలన,7
99,7
నలతగ,7
టళ,7
1200,7
ఏఎ,7
టబద,7
ఎనర,7
వరమ,7
కడగట,7
పడడ,7
ఛగ,7
మడమ,7
రఖ,7
కనబడత,7
లవడ,7
110,7
అలవరచ,7
ఉపక,7
2026,7
అబద,7
నడపడ,7
శనక,7
వనక,7
ణన,7
గపడగలదన,7
సతమతమవ,7
2020,7
అవమ,7
రసన,7
39,7
షట,7
3డ,7
తటవ,7
పతమ,7
సస,7
కడలన,7
రటర,7
వరప,7
తబడ,7
రమలక,7
ఉస,7
మలయ,7
ధరన,7
ఘనల,7
చనలత,7
మలచ,7
శనగల,7
కణస,7
ళజ,7
జలత,7
టపడర,7
పకప,7
49,7
లగడ,7
థమవ,7
చకచక,7
08,7
అష,7
లపట,7
2త,7
వలత,7
హయటస,7
బఠ,7
కనప,7
47,7
నమన,7
తగలన,7
తథ,7
ఐఎఫ,7
వణకట,7
ఉయ,7
ఈల,7
91,7
భవజ,7
హవ,7
రపడక,7
53,7
పనల,7
పవన,7
అసమత,7
తనత,7
శపర,7
63,7
84,7
ఏఆర,7
పయన,7
వపత,7
సనన,7
అగర,7
తరణక,7
బయటపడల,6
96,6
చటమన,6
నతక,6
కలగల,6
trump,6
నడవడ,6
థమయ,6
చమన,6
లటమ,6
ళనకర,6
తవమ,6
ళహస,6
ఫస,6
యవద,6
రతమ,6
పడటమ,6
71,6
పకన,6
మబ,6
తగలట,6
ణతన,6
వనగ,6
అరకప,6
మతన,6
చనలక,6
usa,6
వనత,6
నడకక,6
వగల,6
వసన,6
మరకల,6
భయప,6
78,6
సరక,6
ఢమవ,6
నడచ,6
ఆలన,6
గపడన,6
అనత,6
చబడ,6
కలతల,6
డలత,6
జయస,6
interior,6
పదక,6
రవట,6
వతన,6
లకర,6
వళ,6
59,6
లయన,6
వతర,6
కమజ,6
ఐల,6
థలస,6
ఆగట,6
రళల,6
జరగల,6
సరళ,6
నకడ,6
food,6
యగలర,6
పదన,6
భల,6
కలవక,6
గడపడ,6
యనట,6
day,6
రపడట,6
కరణల,6
com,6
నకల,6
శనన,6
నకక,6
రసవ,6
ధమయ,6
అలసత,6
కవళ,6
బసభ,6
పరచట,6
వహణల,6
ఏహ,6
అభద,6
డమన,6
జతచ,6
డకలల,6
జరగడ,6
ఈట,6
తజ,6
శలత,6
ఆడకప,6
గలదన,6
ఇదమ,6
77,6
పగలర,6
నలత,6
సతమతమయ,6
బహద,6
hyderabad,6
ఆటలక,6
వరసగ,6
మడమలన,6
టకల,6
74,6
తమమ,6
నకర,6
మఖ,6
ఉతక,6
తనమ,6
అరవ,6
ఇయర,6
kumar,6
వహణక,6
కరక,6
బలపర,6
కతక,6
రలక,6
ధలన,5
శభక,5
పఠ,5
గణపత,5
ఆయనత,5
చటగ,5
రటమ,5
పలక,5
వలసల,5
ఇరవ,5
చలవ,5
తగలక,5
ఓబ,5
రగర,5
ఏష,5
16వ,5
బయటన,5
నలభ,5
కమన,5
టడమ,5
కలవరప,5
30వ,5
2వ,5
వదలక,5
ఢమ,5
యకమ,5
కమట,5
దలల,5
ఔర,5
యతలన,5
ఊదట,5
టపడత,5
లమట,5
2025ల,5
44,5
ఐఎల,5
పదహ,5
ఖత,5
అనడ,5
చజ,5
130,5
వరర,5
జరయ,5
అడగడ,5
ఐఎస,5
220,5
పవచ,5
వజన,5
ఆష,5
92,5
బయటప,5
ఈఓ,5
ఎదగడ,5
లకమన,5
చవకగ,5
తరతర,5
సటగ,5
2017,5
అనవసరమ,5
ఏఈఆర,5
కలగకప,5
లమచ,5
నగలన,5
తపన,5
యబట,5
design,5
నదమ,5
తభ,5
వసర,5
యధర,5
కరవ,5
మనవ,5
వనల,5
ఝ,5
ఫట,5
అవర,5
యతత,5
యటనల,5
చదగ,5
ణయమ,5
పడల,5
అలన,5
నవగ,5
1500,5
షలన,5
82,5
యరస,5
సఫ,5
telugu,5
ఉదయమ,5
10లక,5
donald,5
ఞతల,5
వలక,5
ఈఎల,5
24అడ,5
నడవక,5
2008ల,5
2016ల,5
ఎమర,5
చనలన,5
రవడట,5
హతల,5
అవల,5
86,5
సవరణ,5
వరలక,5
79,5
ఏఐస,5
ఆడపడ,5
వమయ,5
sabha,5
general,5
assembly,5
lok,5
330,5
రహర,5
డళ,5
వనన,5
నడవటమ,5
చగలదన,5
ఒకరకమ,5
రతప,5
చళ,5
పకశ,5
భవమ,5
నడకన,5
యపడత,5
ఓద,5
ఏఎల,5
దపడ,5
69,5
73,5
సరపప,5
ధరణక,5
హదపడ,5
8వ,5
గమయ,5
కళకళల,5
వచన,5
ఎజ,5
ఆటలమ,5
ఞప,5
రకర,5
తడబడ,5
వపడ,5
ఉట,5
లబడట,5
160,5
ఒకపక,5
కలగద,5
ఛన,5
1800,4
ధప,4
మరప,4
యతక,4
జరగకప,4
గతన,4
200క,4
లబస,4
హకర,4
దనడ,4
చవన,4
rains,4
450,4
సభల,4
చనక,4
చవక,4
అవగతమవ,4
హభ,4
today,4
రకప,4
నరల,4
అవడ,4
పటమ,4
115,4
పటడ,4
6అ,4
ఐఐ,4
వణమ,4
7500,4
అవతర,4
లబడత,4
లవచ,4
దబ,4
horoscope,4
diet,4
వశక,4
అరక,4
వడకట,4
జనస,4
550,4
1న,4
కరణలక,4
పలన,4
30ల,4
అవకప,4
ఎగర,4
russia,4
మహబ,4
telangana,4
దనక,4
టపడన,4
దనత,4
సహన,4
మళభర,4
ఏత,4
యపత,4
ఏఐడ,4
అతల,4
గభద,4
లవల,4
https,4
silversandsinfra,4
ఆవశ,4
ఒకమ,4
గవట,4
గపడట,4
తరప,4
manchu,4
51,4
heart,4
మగల,4
7వ,4
రకన,4
ధనక,4
పలత,4
blood,4
కనబడట,4
ఓనర,4
బఫ,4
మనప,4
2015ల,4
కనబడకప,4
లగక,4
రడమ,4
ఇఆర,4
c,4
మడత,4
5g,4
గమవ,4
to,4
సహజవ,4
యగలదన,4
గళవ,4
ఐడబ,4
new,4
దడమ,4
ఉరకల,4
12వ,4
రబల,4
తశ,4
300క,4
లడమ,4
రవణ,4
కనమ,4
భవనమ,4
దఫ,4
బతక,4
14వ,4
మతక,4
ళవ,4
ఏ1స,4
ఉపన,4
జమహ,4
థయ,4
మకత,4
ణగ,4
నలన,4
యకణ,4
దనమ,4
లమన,4
ఐఎ,4
డవచ,4
ఆవర,4
21వ,4
చకర,4
నటన,4
సచ,4
వరణమ,4
జరప,4
కలస,4
94,4
రపక,4
నదన,4
తగత,4
ళగ,4
కలర,4
పధ,4
అరగట,4
google,4
tcs,4
లపడ,4
3500,4
రకక,4
డవలక,4
భనల,4
100అడ,4
ఏఎస,4
అసహన,4
కళన,4
బలపడ,4
పడవ,4
190,4
హలక,4
2005,4
కలపత,4
ఏబ,4
కలపన,4
టకమ,4
355,4
ణతత,4
168,4
జరవ,4
టకట,4
ఒరవడ,4
బటన,4
fda,4
నశ,4
ణపర,4
సడన,4
100క,4
లవన,4
అపసవ,4
అదరగ,4
ఏఈ,4
అదమ,4
తలల,4
నచర,4
ణపత,4
గవన,4
లభమ,4
ఏడవట,4
ఐన,4
ధనవ,4
సమప,4
రపడత,4
anupama,4
parameswaran,4
టలవ,4
జరగద,4
లవకప,4
భయపడట,4
పరచడ,4
షమవ,4
హప,4
రగద,4
ఉపస,4
రణమట,4
a,4
జనర,4
యయనమ,4
వదలడ,4
2018ల,4
మటన,4
కబడ,4
2017ల,4
నపరమ,4
ఆగల,4
40వ,4
kanakam,4
నవద,4
ధకమ,4
constable,4
దనలన,4
89,4
రపరచడ,3
థపర,3
ఈఐ,3
బటర,3
బరమ,3
ఆపద,3
దటగ,3
వనదశల,3
థప,3
వమన,3
ఘనమ,3
ఆబగ,3
రకశ,3
నపడట,3
ఒకదగ,3
165,3
కలగన,3
వదలగ,3
1600,3
6400,3
యమవడ,3
team,3
ఒద,3
వనగర,3
చటపడ,3
సహజత,3
jan,3
దరణ,3
బడట,3
కడగ,3
మరక,3
జణ,3
టలకల,3
అలసటక,3
ఊతప,3
నలబ,3
credai,3
దరట,3
మదర,3
యనగర,3
బహళ,3
రయద,3
థవ,3
healthy,3
ఆగకప,3
టతల,3
లయబద,3
పడటమన,3
2020ల,3
దవశ,3
2010ల,3
dhan,3
yojana,3
యరహ,3
టతర,3
అసభ,3
వరదల,3
కపక,3
ళనన,3
అనక,3
ఎదగ,3
కణప,3
మడతల,3
లభమవ,3
అలసటన,3
1400,3
కణద,3
హలన,3
లతన,3
ఆలమ,3
కలవకప,3
andhra,3
pradesh,3
సరసన,3
ణమన,3
కబళ,3
గరకల,3
145,3
కలయ,3
2012ల,3
ఒవ,3
నరక,3
314,3
లధన,3
మటల,3
నతల,3
మగత,3
నకపడ,3
లతలత,3
రజలన,3
సరస,3
మనత,3
లపర,3
అనబ,3
శనగలత,3
తడపట,3
చరణ,3
థలప,3
షశ,3
నమయ,3
05,3
ణహర,3
3000,3
ఏఐక,3
పడగలదన,3
కపల,3
ఖలక,3
యతప,3
జతల,3
grievance,3
2014,3
రణత,3
కలకల,3
అచ,3
380,3
గడక,3
టమయ,3
అరగద,3
పమన,3
డవట,3
50క,3
2011,3
నడకత,3
వరకట,3
సమరయ,3
గగనతల,3
20క,3
తలమ,3
అలసటగ,3
అవగత,3
ళలప,3
నబడట,3
హహ,3
కడలక,3
25వ,3
మకతన,3
ఒజస,3
రగకమ,3
సతమతమ,3
సమష,3
రబడ,3
ఆశలన,3
వడల,3
తరమ,3
రలప,3
దడక,3
disease,3
13వ,3
2022త,3
లశ,3
థట,3
నపడత,3
ఈఎస,3
గలక,3
ఉపఖ,3
ఖమ,3
కరణన,3
దలగ,3
అతణ,3
కడపల,3
9121293447,3
ళమ,3
thyroid,3
ధవ,3
నమల,3
రగకప,3
పగడ,3
అఖ,3
650,3
ఒబ,3
ఊస,3
సపర,3
బలవర,3
చవద,3
900,3
కరణత,3
101,3
ధపడత,3
రయవ,3
బలగ,3
అఫర,3
ఆటక,3
ఠమ,3
రదన,3
999గ,3
7లక,3
126,3
గలద,3
latest,3
308,3
సదరన,3
తకమ,3
6త,3
367,3
374,3
యఛ,3
రసరణన,3
షయమన,3
not,3
శనగప,3
ఐయ,3
శనగపప,3
40అడ,3
యగలవ,3
253,3
లకశ,3
డగన,3
98,3
russian,3
oil,3
దరల,3
దరస,3
థగ,3
గగన,3
చయమ,3
1ల,3
9154091911,3
చవలస,3
22వ,3
లచల,3
భగ,3
102,3
offer,3
ఐత,3
కవసత,3
mohammed,3
siraj,3
employee,3
2050,3
రమలన,3
340,3
కరచ,3
airport,3
వరదలన,3
మరవ,3
రసవమయ,3
22న,3
గడమ,3
రసరణక,3
339,3
మహర,3
ఉమన,3
మడతప,3
poco,3
1త,3
ఈగ,3
ధభ,3
2013ల,3
తగలవ,3
దమన,3
ఆసర,3
దటమ,3
పణలప,3
గగనమ,3
2047,3
కతలన,3
తమర,3
2700,3
సమతల,3
బతగ,3
దసర,3
టనక,3
లడయ,3
వరత,3
తలదన,3
9వ,3
ఫలమయ,3
సగభ,3
2శ,3
శనల,3
నవచ,3
కడమ,3
నవర,3
కలహ,3
598,3
ఏకగవ,3
డటమన,3
కలవన,3
review,3
మకణ,3
అనధ,3
pain,3
అటక,3
2018,3
menon,3
2ల,3
annual,3
pass,3
హనద,3
దరభ,3
గలమ,3
బప,3
రగగ,3
మడవ,3
మతల,3
గబ,3
fastag,3
93,3
జమవ,3
రణగ,3
అవయ,3
నవసర,3
ఈయన,3
మసకగ,3
2క,3
557,3
310,3
అడగన,3
2డ,3
6వ,3
పగలగ,3
ఊద,3
474,3
ళనలక,3
మటత,3
హణ,3
habits,3
97,3
నవయవ,3
చరవ,3
డవడ,3
అవశ,3
మటక,3
on,3
కలవల,3
15న,3
ఉగ,3
105,3
132,3
22ల,3
asia,3
cup,3
యశస,3
salt,3
లఖ,3
కలగలస,3
తమవడ,3
నగరమ,3
2027,3
ఏడవక,3
ఏడవన,3
6439,2
20ఏళ,2
రఘ,2
రదల,2
112,2
హసన,2
gmail,2
శచ,2
గడపట,2
ఓచ,2
360,2
అరల,2
ind,2
vs,2
eng,2
మశక,2
95028,2
40009,2
దనలత,2
గలగలల,2
spark,2
go,2
బవల,2
ఒకల,2
ఈర,2
1క,2
ఏడవడ,2
తపనత,2
హసక,2
మనవర,2
టపట,2
బదల,2
ఖస,2
నడవల,2
రపల,2
60వ,2
సతమత,2
లకడ,2
రయల,2
పరగ,2
యగలద,2
కలవడ,2
సనసభ,2
breast,2
ఓలన,2
బయటపడకప,2
seethakka,2
కమలన,2
గపడవ,2
www,2
రవటమ,2
fresh,2
air,2
230,2
యష,2
టలప,2
యటక,2
ధలక,2
సరణ,2
టకక,2
linkedin,2
ధరలప,2
పలకడ,2
తవలస,2
ఘడ,2
world,2
సఫల,2
344,2
సరన,2
హరణల,2
పనస,2
కలపట,2
మలవ,2
860,2
ఆనక,2
నకట,2
తహతహల,2
400శ,2
బరపడ,2
జడవ,2
137,2
దకమ,2
వదలవ,2
అకడమ,2
టపడట,2
వవడ,2
ఆరన,2
678,2
paradha,2
కమయ,2
చనట,2
లవద,2
సఫలమయ,2
కదలకప,2
మపక,2
sui,2
2013,2
104,2
ఒకన,2
23న,2
మనన,2
ఊదల,2
పడగలవన,2
మలగ,2
sunil,2
gavaskar,2
ఆపదల,2
వబల,2
భకర,2
167,2
కకప,2
అవత,2
351,2
కవల,2
4ల,2
అలమర,2
ఆళ,2
ణతక,2
arthritis,2
relief,2
ఐఏఎస,2
వధర,2
నపడటమ,2
మగతగ,2
ఔషధమన,2
5క,2
trends,2
జతకట,2
ఎకన,2
బరకగ,2
డమరచ,2
యళ,2
కకట,2
90వ,2
80వ,2
lounge,2
గతమ,2
యపడకప,2
లవక,2
223,2
81,2
page,2
హదపడత,2
చకమ,2
షవర,2
ఘటనలప,2
శకమ,2
మసకబ,2
kidney,2
రవచ,2
90ల,2
రసక,2
కవట,2
పనత,2
pressure,2
ఆపగ,2
తటమ,2
షస,2
hypertension,2
మకట,2
గవద,2
50ల,2
property,2
117,2
దయచ,2
దళసర,2
రయర,2
10ఏళ,2
తగవ,2
శబర,2
యఅత,2
బతగలట,2
చవట,2
నగలర,2
కరకరమన,2
వలసవ,2
సనభర,2
ళడ,2
240,2
175,2
ఏడబ,2
ఖజ,2
నవరత,2
market,2
4జ,2
తతర,2
డరల,2
attack,2
eye,2
asim,2
munir,2
తమత,2
కరత,2
manoj,2
రజలత,2
august,2
rules,2
financial,2
from,2
జపన,2
144,2
ధరప,2
ణదశల,2
రతర,2
కణతల,2
ఆమవ,2
ఆపడ,2
భదశల,2
నతలన,2
యబద,2
అలవర,2
found,2
షణశ,2
వతహ,2
పహ,2
కలవరమ,2
ఘవ,2
అరబ,2
అనట,2
రకద,2
నమలడ,2
వదలకప,2
కచక,2
ఏఓ,2
యణగ,2
దరమ,2
షనబ,2
ఫజల,2
యలర,2
మకతక,2
రగవ,2
అవయవద,2
31ఏళ,2
యటన,2
2న,2
అగన,2
వపర,2
తవగ,2
టతరమ,2
2028,2
dinner,2
275,2
33శ,2
కబద,2
ఊగ,2
షతన,2
అమరవ,2
వచరణ,2
19వ,2
గపడవన,2
ఉపశమనమ,2
2లక,2
మణర,2
రపడడమ,2
vertex,2
టకటక,2
మడచ,2
ఘనలన,2
భయపడక,2
50శ,2
కళల,2
మణపల,2
ఐఐస,2
ఉపగ,2
ధనన,2
ఏఏట,2
కనపడ,2
97వ,2
70శ,2
గడత,2
రకత,2
పగలద,2
3న,2
106,2
technology,2
time,2
portal,2
250గజ,2
obesity,2
కరమన,2
ajith,2
యడమన,2
case,2
రణన,2
75వ,2
టభయ,2
235,2
లయబ,2
richest,2
ganpati,2
ఏడవ,2
57వ,2
23వ,2
మఫ,2
womens,2
లమవ,2
ఐచ,2
పకడ,2
ఠగ,2
66,2
association,2
media,2
officer,2
under,2
rule,2
ఆజమ,2
కలపల,2
ఆడక,2
దనగలమ,2
నరస,2
లనత,2
ఘటనలక,2
పగలక,2
మరల,2
యరల,2
ఐశ,2
924,2
గటమన,2
ఆజ,2
7200,2
152,2
అరవట,2
2036,2
ళనత,2
993,2
టదన,2
199,2
ttd,2
తవరణ,2
శనభ,2
ఎబ,2
కహ,2
భమన,2
లగడద,2
19న,2
ఛలక,2
ణణ,2
18వ,2
లకభ,2
2009ల,2
ఖవ,2
కరవయ,2
menstrual,2
disorders,2
35వ,2
వలల,2
pumpkin,2
ఉపశమ,2
శశ,2
కదపల,2
asthma,2
తమప,2
సహజక,2
ఝళ,2
భణ,2
ఏకక,2
225,2
రబడన,2
దహన,2
చభ,2
పడకమ,2
మనశ,2
లయమ,2
వమవ,2
6ప,2
independence,2
787,2
డవపడ,2
60శ,2
గనప,2
టబట,2
యసమ,2
థరహ,2
ఉరవడ,2
5000,2
2014ల,2
తహస,2
మతయ,2
హట,2
దవడల,2
ఘటనలన,2
symptoms,2
ఉలవల,2
1337,2
దరప,2
నగపల,2
హనత,2
500క,2
భగడ,2
ళనలన,2
బలపడత,2
దకద,2
నడకల,2
mental,2
zelensky,2
ఊబ,2
women,2
సమయప,2
tips,2
20లక,2
75శ,2
వవచ,2
ఓటమ,2
యనక,2
ఆపక,2
కమకపడ,2
చగలవ,2
చనప,2
షలమ,2
ఇటల,2
కపరమ,2
చదర,2
ఘమ,2
ధకతక,2
రవల,2
అలవడత,2
కరకట,2
ఆటన,2
మదనపల,2
యవలస,2
ఆడద,2
mangoes,2
టపడకప,2
9502840009,2
ఛక,2
ననడ,2
యగలవన,2
తగదన,2
immunity,2
కదప,2
రవమ,2
vitamin,2
60అడ,2
వదలనక,2
6జ,2
128జ,2
m7,2
plus,2
000ఎ,2
apartments,2
179,2
పదమన,2
income,2
tax,2
43వ,2
వరణవ,2
ఆవస,2
0త,2
నకభ,2
18w,2
గలన,2
కగట,2
5877,2
50లక,2
75లక,2
11వ,2
perplexity,2
పలకల,2
రసనల,2
జరగట,2
భపడ,2
భయపడల,2
ఆయనప,2
శహ,2
చయమయ,2
పణలక,2
lokesh,2
శమయ,2
అవకతవకల,2
nara,2
పరవళ,2
వబ,2
యతగ,2
ధనత,2
ఈఓగ,2
థలద,2
7మ,2
239,2
3లక,2
టతన,2
ఆటప,2
ళనకరమన,2
7అడ,2
16అడ,2
4అ,2
1196,2
తగడ,2
ఆడటమ,2
తనవ,2
ఘనవ,2
gyanesh,2
సనక,2
కనబడక,2
మకథ,2
గధ,2
టడమన,2
420,2
88,2
కడన,2
లనగ,2
ఎడమవ,2
ఏఈల,2
శలన,2
glucose,2
కడప,2
cec,2
దరడ,2
ధకవ,2
బలత,2
2011ల,2
cyber,2
frauds,2
తచ,2
సరట,2
09,2
సనలన,2
రళక,2
ఒల,2
మఘ,2
రపరచకప,2
4అడ,2
9అ,2
999,2
లఘ,2
almonds,2
walnut,2
19త,2
కళలత,2
483,2
smart,2
వనదశ,2
ఎదగకప,2
రతలన,2
గబడ,2
షరస,2
బష,2
తరణల,2
ఎగబడ,2
ఎదగక,2
గళస,2
1986,2
children,2
గవటమ,2
అవయవల,2
v,2
state,2
sir,2
madam,2
అఘ,2
shwetha,2
133,2
228,2
పలర,2
usage,2
జహ,2
సహస,2
భఫల,2
చలబ,2
బయటపడచ,2
ఉదర,2
నకగ,2
రమర,2
10శ,2
డరట,2
1125,2
రపడవచ,2
రవత,2
తరణన,2
habbits,2
లబరచ,2
ఆడత,2
యపడద,2
17న,2
cell,2
శమన,2
మహద,2
తనప,2
కమవ,2
40ఏళ,2
tecno,2
14న,2
31త,2
801,2
సవరణల,2
321,2
2500,2
దపన,1
2035,1
ఐఐఎ,1
clean,1
bowels,1
ఓషధ,1
ఇసబ,1
41శ,1
organ,1
రదశ,1
అవసరపడట,1
గరగరక,1
b,1
dల,1
460,1
570,1
భజనన,1
షహ,1
యమక,1
srsp,1
932,1
1091,1
1088,1
knee,1
2021త,1
ఈగల,1
breastfeeding,1
week,1
దకతప,1
ఆటస,1
శయమ,1
రచగ,1
3గ,1
ఫహ,1
ఫఖర,1
259,1
9550,1
morth,1
seasonal,1
diseases,1
కబడట,1
ఊపడ,1
దలద,1
టపడరట,1
యపడరట,1
సలద,1
యపడడ,1
రవమర,1
ధతత,1
ఓష,1
హతన,1
insurance,1
యనభ,1
22గ,1
23గ,1
75క,1
సకడ,1
బలన,1
4శ,1
walnuts,1
బలపడడ,1
5500,1
పడకలక,1
నడట,1
రగకల,1
325,1
433,1
ధరగ,1
7న,1
8న,1
400క,1
వదలర,1
యవసరమన,1
ఫలయత,1
పగలమ,1
అడగర,1
ఈఓక,1
2003క,1
ఆగడ,1
902,1
661,1
జనపన,1
తవచ,1
డతలత,1
mokila,1
shoulder,1
లలవ,1
గలర,1
మభ,1
లరక,1
తమవయ,1
2గ,1
అపక,1
curtains,1
కదలన,1
వహణన,1
అవడమ,1
వరయ,1
ఆవరణ,1
టలల,1
commission,1
2003,1
శమద,1
stem,1
రగలవ,1
kerala,1
1980లల,1
గరవ,1
planning,1
కపర,1
గరపడ,1
నకమ,1
దనగలర,1
మగడ,1
ఛతన,1
శభ,1
6667,1
hormones,1
వయపర,1
janaki,1
s,1
రకచ,1
2600మ,1
ఢపరచ,1
డదత,1
రసభర,1
నరబ,1
ధభర,1
లబర,1
ఆశగ,1
350క,1
11న,1
12న,1
13న,1
కశమ,1
44క,1
షధ,1
117మ,1
ఆశత,1
ణమవట,1
జనకర,1
బయటపడక,1
కనబడల,1
878,1
507,1
ఈదడమ,1
మనవల,1
కగలద,1
మనవడ,1
బయటపడవ,1
ధపడడ,1
భయపడడ,1
ఎడమక,1
ధమత,1
దచక,1
మతలన,1
వనభ,1
ధనగ,1
కమకపడత,1
జరగనప,1
పడగలమ,1
40ల,1
చతగ,1
హనక,1
లబడల,1
కనబడన,1
ఎడమపక,1
రచర,1
భవక,1
tab,1
గపడకప,1
దదవ,1
అదమట,1
తవమన,1
హరణలత,1
మవరప,1
ఈఎన,1
chakravarthy,1
11ల,1
ఆడడ,1
ఢపర,1
kyc,1
my,1
accounts,1
profile,1
జనమన,1
కలగడ,1
నతగ,1
లగలవ,1
గగల,1
యనగ,1
వణకటమన,1
varun,1
406,1
5566,1
5877త,1
263గ,1
083గ,1
077గ,1
350గ,1
337,1
28వ,1
యటనలక,1
issues,1
neeti,1
sharma,1
designing,1
తమస,1
ల8,1
ఘటనలత,1
సతమతమవడ,1
ఓక,1
లహ,1
183,1
గడచ,1
మష,1
జగడ,1
1938,1
రపరచట,1
weekend,1
weekedn,1
65వ,1
6లక,1
siri,1
ఓఎన,1
845,1
1930,1
బతకట,1
కవలలత,1
కవలల,1
వనలన,1
2003ల,1
షమన,1
కడద,1
నతలక,1
కరవవ,1
నమద,1
డజన,1
neet,1
eapcet,1
counselling,1
harish,1
rao,1
ధవర,1
ణశర,1
994,1
liver,1
accident,1
prevention,1
హదపడటమ,1
fire,1
పలప,1
skater,1
janvi,1
చరస,1
ఘనతల,1
ఆటత,1
తపస,1
ఇత,1
కళక,1
షణప,1
21ర,1
ఘనలక,1
cool,1
ఊల,1
నలప,1
తడపర,1
టలమ,1
దరర,1
అరవడ,1
కబడక,1
రబడత,1
తపడమ,1
బడన,1
తలమవ,1
దశలక,1
ఓరల,1
తగలకప,1
వదలన,1
అమలయ,1
ఆటలప,1
gambhir,1
ఠతక,1
వరదన,1
ఆయకట,1
67వ,1
యదన,1
చబరచ,1
నడపకప,1
లభర,1
శతక,1
301,1
3త,1
యపడక,1
shubman,1
gill,1
gautam,1
ramanaidu,1
భయబ,1
ధసత,1
వణలక,1
గళగ,1
5లక,1
హచట,1
వరమన,1
కలమ,1
యకతప,1
అవసరపడకప,1
జలప,1
8205,1
6994,1
6223,1
nimmala,1
ఠత,1
మనవళ,1
కకరమ,1
బటమ,1
లబడక,1
గణమ,1
తగలటమ,1
తడబడట,1
కలతలక,1
డవలవ,1
అరమర,1
ఇకన,1
రపచ,1
260,1
యరహస,1
ఒరగట,1
715క,1
500ప,1
120క,1
షణవ,1
యతగల,1
కలపక,1
304,1
42గ,1
సనసభల,1
అపప,1
19ల,1
మడమలత,1
టకర,1
010,1
345క,1
485,1
టగలర,1
నరన,1
ఈసడ,1
తడపటమన,1
యనడ,1
థలల,1
ఖనన,1
ఞలన,1
హరణగ,1
యయమయ,1
130క,1
8254,1
2001ల,1
5144,1
కటగ,1
తవస,1
థనమ,1
26క,1
రవప,1
దనర,1
gali,1
janardhan,1
reddy,1
టపరచడ,1
చరణన,1
టô,1
leptin,1
ombrophobia,1
19ఏళ,1
టరస,1
2002,1
40మ,1
ఆరగ,1
1500గ,1
అలల,1
parkinson,1
plastic,1
bricks,1
1741,1
ణజయ,1
16శ,1
సహజపద,1
అటకల,1
devineni,1
uma,1
prostate,1
దనప,1
దపర,1
ఇథల,1
కతప,1
కరప,1
యయమ,1
227,1
చకల,1
రధమ,1
కతలప,1
mumbai,1
71వ,1
375,1
గణపయ,1
560,1
పరవడ,1
షణకయ,1
తడపక,1
తసమయ,1
2041,1
ఉపద,1
కలవరపడ,1
మగబ,1
పబడ,1
ganesh,1
festival,1
ణమవడ,1
office,1
buildings,1
1990ల,1
192,1
229,1
169,1
123,1
stress,1
ఇమడ,1
రహణన,1
ఆనకట,1
దపల,1
2016,1
375వ,1
కణమ,1
శకతన,1
31న,1
1642,1
చరన,1
రవపర,1
భనష,1
3ర,1
ఏఐఏ,1
ఝల,1
కరర,1
భయపడత,1
యగలడ,1
272,1
omc,1
ఓఎ,1
ఫజ,1
4500క,1
287,1
mk,1
stalin,1
గతమయ,1
శలప,1
అసత,1
రఢ,1
అవసరపడత,1
aurobindo,1
pharma,1
గతస,1
2023వరక,1
జయహ,1
రణభ,1
రసనగ,1
యకమన,1
ఆవల,1
లనప,1
రణజన,1
rna,1
er,1
రమపద,1
టపడల,1
తనశ,1
ఏఏ,1
972,1
తరభ,1
లవబ,1
4క,1
2015,1
25శ,1
కటకట,1
fourth,1
city,1
792,1
అమన,1
టపల,1
774,1
4207,1
8ఐ,1
రగస,1
ఫత,1
550ల,1
జయలక,1
1893ల,1
పగలగడ,1
వదలద,1
ధహస,1
తడవక,1
టఫ,1
111ప,1
ఐఏఎఫ,1
శరక,1
నడప,1
142ల,1
యలవ,1
ఐఎమ,1
టగట,1
తలమయ,1
రవణన,1
అపహర,1
కవన,1
మయన,1
రవన,1
26ఏళ,1
ఞతత,1
ఘటనగ,1
1979ల,1
అజయ,1
1997ల,1
మవర,1
skin,1
fasting,1
మమన,1
రగల,1
upi,1
changes,1
10am,1
1pm,1
986,1
256,1
4775,1
577,1
642,1
353,1
402,1
088,1
తతలక,1
వలర,1
జనప,1
3క,1
1965ల,1
1981ల,1
అలబ,1
8300,1
టలస,1
టగడ,1
యయనల,1
బథ,1
భణత,1
national,1
guard,1
వలసద,1
documents,1
510,1
2008,1
574,1
covid,1
దశత,1
నయమవట,1
427,1
458,1
5pm,1
pm,1
వడన,1
మతమ,1
2006క,1
86త,1
రమలత,1
98శ,1
టగడవన,1
కలలక,1
దలమ,1
మనచ,1
షణచర,1
37మ,1
1409,1
idiotsyndrome,1
cm,1
chandrababu,1
ఆమద,1
లవలస,1
2040,1
కమకప,1
చనలప,1
బయటల,1
261,1
టsర,1
షకశక,1
దకరమన,1
భమవబ,1
నకబడక,1
england,1
తపల,1
శటక,1
twin,1
2053,1
ఇదవ,1
తనపక,1
protest,1
29న,1
ioc,1
22శ,1
35శ,1
40శ,1
exercises,1
డరబ,1
హమయ,1
345,1
429,1
మరత,1
డగలవ,1
2025ప,1
కదన,1
157,1
యహ,1
శతన,1
చరర,1
శవమ,1
మలప,1
registration,1
gov,1
ధరపర,1
ఈతరహ,1
770,1
081,1
మతప,1
brain,1
వలయమ,1
crime,1
డవర,1
శరమ,1
కలవప,1
maoists,1
18క,1
ఎసర,1
ఫలమవ,1
యగలమ,1
యవన,1
పడర,1
644,1
జయన,1
suiii,1
yes,1
అరవడమ,1
శమవ,1
హరన,1
585గ,1
జభవ,1
inex,1
competition,1
రజత,1
వహణప,1
ఐఫ,1
టభద,1
ధనప,1
1998ల,1
103,1
షకమ,1
గడవ,1
బవళ,1
అలఖ,1
4లక,1
మకతత,1
ఉవ,1
ఖణ,1
చరమ,1
fermented,1
curd,1
rice,1
రపరచక,1
గదమన,1
నతత,1
కమవడ,1
buyers,1
guide,1
కభ,1
photo,1
శపడ,1
579,1
జనకరమన,1
ఫరబ,1
200శ,1
రకల,1
7499,1
499,1
రణర,1
అడగకప,1
ఎదగర,1
feed,1
pulses,1
అవద,1
తపనన,1
01,1
03,1
00,1
సరపడన,1
ళపక,1
శకన,1
దశమ,1
రతహళ,1
రణద,1
ఆయనన,1
బసవర,1
బసనగ,1
లపత,1
థడ,1
fatigue,1
రమమ,1
సడ,1
నవమ,1
rashi,1
phalalu,1
sowgood,1
foundation,1
రబద,1
లగల,1
యనమస,1
యగలగ,1
centers,1
25ప,1
పడకన,1
కటమ,1
హఫ,1
134,1
జరగవన,1
సలప,1
54మ,1
ఛస,1
లలకల,1
నవస,1
ఖతన,1
దరదన,1
ననప,1
కలతక,1
గడల,1
అవలబ,1
తహతహ,1
గటగట,1
ఎదగరన,1
ననన,1
ఓహ,1
కటమన,1
ఛల,1
టటమన,1
065క,1
ఆదరణక,1
ఖచ,1
1525,1
వసతల,1
జపర,1
ఫలమవడ,1
టపడడ,1
వకణ,1
చబడగ,1
బళ,1
rrr,1
525క,1
48శ,1
1525క,1
దరణక,1
మరపట,1
అనసర,1
రపడటమ,1
1960,1
70ల,1
గతమవ,1
రబలట,1
2005ల,1
722,1
171,1
6268,1
6162త,1
5799,1
2903,1
3741,1
ధమవడ,1
లకదశల,1
ళనగ,1
ఆబ,1
అసలద,1
vaccinations,1
tip,1
ఏథ,1
టరల,1
యదల,1
85వ,1
02,1
177,1
1250,1
data,1
డరమ,1
చనన,1
సహనశక,1
ఆటలత,1
467క,1
period,1
flu,1
జలమయమయ,1
వరదక,1
చరణల,1
పడదన,1
ఒకబ,1
దడదడమన,1
దడత,1
సతమతమవట,1
ఎవ,1
హణక,1
అవనసర,1
టకయ,1
sabarimala,1
20న,1
సవన,1
టబడ,1
90శ,1
తబడక,1
అడగగ,1
తగల,1
కదలవ,1
high,1
కదలద,1
270,1
టబల,1
టపడద,1
139,1
బయటపడద,1
ఉడకబ,1
ఉడకప,1
stones,1
దభర,1
ఫడ,1
షయక,1
షయన,1
37వ,1
20ఎ,1
10ఎ,1
జరపద,1
లటమన,1
హతత,1
పనవ,1
129,1
vishnu,1
తనయ,1
santosham,1
film,1
awards,1
avram,1
గతక,1
100మ,1
సవరణక,1
గళకర,1
నపస,1
15గ,1
ఇలస,1
గడబ,1
pakistan,1
భయపడదన,1
1057,1
1100,1
ఈరక,1
చగలద,1
గతల,1
టమట,1
lands,1
value,1
తబడట,1
28క,1
కరకర,1
ఈద,1
477,1
159,1
176,1
798,1
అôత,1
జలవనర,1
యశక,1
రదత,1
880,1
ఐలన,1
2029,1
సభలక,1
ehaab,1
ఎథ,1
శలక,1
తరఈశ,1
ఏపన,1
ఒకటన,1
వడద,1
కమలట,1
లగద,1
సకరమ,1
15000,1
టపరమ,1
రపద,1
diarrhea,1
lung,1
transplantation,1
ఖరగ,1
ఉతకట,1
గలమన,1
సవడ,1
గలరట,1
జరగచ,1
819,1
505,1
akkapalligudem,1
జనగ,1
పకర,1
ఈయనన,1
కçయ,1
పఖ,1
డచర,1
200లక,1
అపశ,1
ణగణ,1
నటల,1
డనమ,1
crude,1
china,1
వడట,1
టకరమ,1
వకన,1
ఘటనన,1
4000,1
ధరలద,1
గరమ,1
ఝర,1
లనన,1
పకమ,1
రమహ,1
సభలన,1
1952,1
థకమ,1
btech,1
first,1
year,1
15వరక,1
ఏఎన,1
25న,1
కరగట,1
కదలర,1
మదన,1
నటమన,1
26వ,1
2022న,1
701,1
333,1
426,1
553,1
పడమ,1
యఘ,1
జఘన,1
అరగటమ,1
ఆడల,1
ఎనల,1
కళలన,1
రగమ,1
జగద,1
1995ల,1
2007ల,1
యగఢ,1
327,1
drugs,1
ఇథ,1
పగలవ,1
అవగతమ,1
ఏఐత,1
vikramarka,1
ఆటలన,1
147,1
డగలద,1
రనట,1
థలమ,1
బఫర,1
house,1
rents,1
24వ,1
mediated,1
62వ,1
జలద,1
కదలడ,1
వరదలత,1
3664,1
423,1
cucumber,1
loss,1
1988ల,1
బరల,1
amgen,1
sickle,1
thalassemia,1
major,1
apol,1
80085,1
52667,1
97011,1
12439,1
2ర,1
డగలగ,1
ఎగవ,1
weight,1
diabetic,1
నసర,1
వడలక,1
ధగధగల,1
వనమ,1
గళపల,1
చదవకప,1
తపట,1
water,1
drinking,1
జనత,1
కనపడత,1
లబడగల,1
1150,1
డవద,1
రసమ,1
ఎకనమ,1
2012,1
170క,1
villas,1
ఏకమ,1
bhatti,1
construction,1
టనగర,1
నరహర,1
immunotherapy,1
ఒకతన,1
తకట,1
200చదరప,1
పఫ,1
moon,1
600లక,1
కనబడగ,1
18ల,1
28న,1
bhogapuram,1
నగరప,1
390,1
174,1
care,1
కశక,1
ఆచరణ,1
jagitial,1
2034క,1
టజ,1
పనవసర,1
sleeping,1
యమమ,1
గబద,1
పగలన,1
206,1
డగక,1
ధరత,1
సనర,1
ఆరడ,1
నగలమన,1
రమణల,1
సబర,1
19క,1
వజమ,1
సవరణప,1
పణలన,1
అసమర,1
థతన,1
టచప,1
ఐష,1
పడచ,1
జనకరమ,1
projects,1
యతరహ,1
హరణత,1
కగన,1
990,1
181,1
300మ,1
67ఏళ,1
54శ,1
ఊపగ,1
116,1
92వ,1
6033,1
1550,1
128,1
600క,1
చవడ,1
దవల,1
రజన,1
snoring,1
ధరణత,1
319,1
572,1
73శ,1
1144,1
75గజ,1
746,1
10793,1
relating,1
content,1
must,1
made,1
within,1
reasonable,1
exceeding,1
seven,1
500చదరప,1
600చదరప,1
30అడ,1
15మ,1
మకమల,1
terms,1
conditions,1
complaint,1
rs,1
s1000rr,1
k1300s,1
zx,1
నతర,1
లబడగలద,1
ఘనన,1
రవద,1
పదలక,1
గలల,1
06న,1
670,1
624,1
740li,1
sf90,1
gt3,1
which,1
self,1
regulating,1
body,1
srb,1
formed,1
publishers,1
only,1
569,1
complex,1
somajiguda,1
082,1
member,1
press,1
council,1
delhi,1
information,1
intermediary,1
guidelines,1
sri,1
y,1
kranti,1
private,1
limited,1
days,1
date,1
posting,1
following,1
person,1
appointed,1
company,1
as,1
జడల,1
మడతబ,1
నగనగ,1
కథలన,1
గలరన,1
మకప,1
తమవట,1
492,1
జతకడ,1
2025క,1
2900,1
4500,1
షభ,1
ఆడగ,1
సమవ,1
చలత,1
legal,1
proceedings,1
ఈహ,1
పనప,1
వయచ,1
టనర,1
branded,1
houses,1
courts,1
at,1
indian,1
shall,1
exclusively,1
have,1
jurisdiction,1
dispute,1
ధరణల,1
యనప,1
concentration,1
దరనప,1
అవయవమ,1
heavy,1
weather,1
report,1
రభస,1
డతలవ,1
టలద,1
ఆడన,1
అకస,1
మకడ,1
ఎగరట,1
వడగట,1
1565ల,1
తళ,1
winter,1
పనమ,1
బలర,1
పడవన,1
లష,1
హగ,1
mpox,1
1బ,1
1997,1
అభయ,1
రచనల,1
గగలర,1
1000ల,1
యణవన,1
15చ,1
ఐ20,1
టలయ,1
ఏకర,1
మరకగ,1
రకటనలత,1
ఎదగల,1
135,1
దడప,1
నగలమ,1
1వ,1
sv,1
university,1
ఉషస,1
35లక,1
6500,1
ణసవ,1
కదళ,1
పదల,1
షద,1
తరగడ,1
ఛటర,1
శసర,1
అడప,1
రమగ,1
హకరమ,1
సహచర,1
shubhanshu,1
shukla,1
ఘనస,1
యణన,1
యభర,1
భరద,1
లగడమ,1
దకతక,1
సధ,1
దకతన,1
circumcision,1
surgey,1
భళ,1
ఉపజ,1
1960ల,1
229ఇ,1
కలకలమ,1
ఓడర,1
జనసమ,1
వనప,1
రణవ,1
నడపట,1
chandragiri,1
fort,1
తపమ,1
మమక,1
1987ల,1
రరక,1
శద,1
కలగలన,1
మరవల,1
1880ల,1
2400,1
సలవ,1
కతగ,1
లమరణ,1
430,1
రజద,1
ఉపమ,1
cvi,1
నడవగ,1
కరగకప,1
628,1
కడపడ,1
మబల,1
87,1
తనలన,1
డదల,1
కలలన,1
షలప,1
ఏకపక,1
డయల,1
రజక,1
యలస,1
టకత,1
మరవద,1
ఉఫ,1
వయసన,1
తరమన,1
వతప,1
వతగ,1
యయనకర,1
ఏ2,1
వడవ,1
morning,1
సహవ,1
షణపడ,1
46క,1
7000,1
పకరణ,1
రగనప,1
డజ,1
లచ,1
గగడప,1
మడప,1
pooja,1
mandir,1
ఇలగన,1
608,1
975,1
జమచ,1
ఐఈడ,1
026,1
hypo,1
498ఏ,1
అదర,1
ఆదమర,1
తలభ,1
సతమవ,1
కళగ,1
pill,1
అటనమస,1
srikalahasti,1
ఈకత,1
గకరమ,1
తనమన,1
yogurt,1
అవసవ,1
అదమక,1
దదవట,1
లబడకప,1
బతకడ,1
భయపడన,1
వనవ,1
ధకబ,1
ukrainian,1
president,1
volodomyr,1
eu,1
62క,1
62గ,1
61క,1
sandhyarani,1
భరతమ,1
11క,1
అసవర,1
అపనమ,1
తడమ,1
అడలస,1
హతలన,1
హనమ,1
బవ,1
లకలన,1
33వ,1
5వరక,1
థద,1
లతత,1
దనగ,1
ఆగద,1
682,1
urine,1
infection,1
joint,1
మకరర,1
గమనన,1
2017క,1
4240గ,1
342,1
walking,1
సరళమ,1
నడవకప,1
పదమ,1
33అడ,1
16త,1
పడగల,1
భయపడద,1
యమట,1
కడవరక,1
ఢవ,1
256జ,1
ఆపగలగడ,1
14లక,1
అడగల,1
ఏఐన,1
ఓ2,1
ననట,1
హతప,1
డబద,1
తకవ,1
జరగబ,1
వరసకట,1
26శ,1
387,1
195,1
8జ,1
ఎగబడట,1
ఉదహర,1
దటదశల,1
ఛనమ,1
258,1
ధశతక,1
పబల,1
చగలరట,1
ఒజ,1
144hz,1
850,1
6ఎస,1
33w,1
3ఏళ,1
వణగ,1
రపన,1
bones,1
యపడట,1
గడపటమ,1
పడగలవ,1
వడత,1
multistorey,1
332,1
501516,1
అనటమ,1
సబబ,1
రపడకప,1
చదనమ,1
surya,1
yadav,1
యటనక,1
strong,1
దగర,1
ఉడకట,1
యగలడన,1
పతనమ,1
వగచ,1
హలత,1
ఊడటమ,1
ఊడక,1
రకటనక,1
దశన,1
సవరణత,1
కమల,1
రళన,1
ఒమన,1
జయగ,1
80స,1
19అడ,1
897,1
దనవన,1
బచ,1
వడక,1
గరయ,1
అవతలన,1
కనబరచడ,1
సనలక,1
గపడగలవన,1
టవల,1
టబడక,1
రగలద,1
మనగల,1
80అడ,1
10అడ,1
ఏఐజ,1
show,1
వచనమన,1
12క,1
మనకన,1
ఈఈజ,1
ధచ,1
2300,1
2022గ,1
1400శ,1
జయఫల,1
సఖ,1
కనకధ,1
రమప,1
షవలయ,1
నవట,1
tamil,1
nadu,1
పళన,1
329,1
626,1
2012కల,1
70ఏళ,1
ఓఓ,1
టదలచ,1
475,1
పరపత,1
చనచ,1
rahul,1
gandhi,1
యసభ,1
సవరణన,1
ఊహల,1
లలద,1
ఊహలక,1
ఈఐఎస,1
archives,1
కడగకప,1
డకల,1
కకమ,1
థమన,1
ఉతకడ,1
తపడడ,1
parkinsons,1
ఛయ,1
రణలత,1
రణలక,1
భనక,1
డనక,1
పనయ,1
210,1
clarity,1
excercise,1
ఇజ,1
జమన,1
గరస,1
215,1
124,1
అలజడ,1
గమనమ,1
కరణలత,1
60లక,1
45లక,1
mrcp,1
49క,1
రగదన,1
725,1
లతరబడ,1
జసమ,1
యనవ,1
ఉడత,1
దగల,1
395,1
935క,1
రవడటమ,1
irfan,1
pathan,1
greg,1
chappell,1
దయగ,1
vinson,1
massif,1
carstensz,1
pyramid,1
హసమ,1
లగలనన,1
తలపడ,1
రభవన,1
148,1
కనపడక,1
అనపగ,1
credit,1
cards,1
ఈతప,1
హణల,1
mount,1
ఏ2ఈ,1
రలల,1
massage,1
గనమ,1
చరక,1
280,1
అసనబ,1
తహర,1
ధనశ,1
నలపచ,1
tests,1
రపరచన,1
చదవడమ,1
హనన,1
dry,1
fruits,1
కలవచ,1
మకథన,1
roivant,1
sciences,1
ఒలకబ,1
impeachment,1
notice,1
ఉభయ,1
గదశల,1
లకలత,1
5ల,1
175క,1
డటత,1
మథన,1
నఉన,1
మకథల,1
video,1
డవగ,1
కటయ,1
శనమన,1
సమమ,1
టగలద,1
షణమద,1
1గ,1
టడవ,1
వటవ,1
breathing,1
vijay,1
sethupathi,1
nithya,1
amazon,1
prime,1
298,1
2027ల,1
1994ల,1
అనస,1
richa,1
chadha,1
కనడ,1
కటస,1
coffee,1
1ఏ2,1
kukatpally,1
2002ల,1
malayalam,1
movie,1
artistes,1
506,1
1957,1
203,1
14ఏళ,1
అలమ,1
దబయల,1
120hz,1
hiosత,1
75గ,1
086,1
ఔఆర,1
భగవ,1
హపడ,1
ఓమ,1
ణరస,1
chikungunya,1
1952ల,1
pp,1
pvc,1
ps,1
తపడడమ,1
5700,1
2800,1
కలపవద,1
316,1
540,1
అరలల,1
నపత,1
లతక,1
కలపడ,1
డదట,1
pet,1
hdpe,1
సమమస,1
షజ,1
వదలమన,1
roofs,1
డపడక,1
జయదశమ,1
జయమ,1
లధరల,1
ashwin,1
50గ,1
ణసమస,1
పరపనస,1
తబడత,1
పరవశ,1
ఆగర,1
అడగట,1
storied,1
building,1
దలశ,1
చరణత,1
తభత,1
200టన,1
680,1
వడగడత,1
insulin,1
బయటపడటమ,1
రదక,1
అవహ,1
షబ,1
ఢతన,1
ఠన,1
multi,1
రగటమన,1
ఆపటమ,1
కమకక,1
టపడక,1
కతలత,1
9న,1
ఏఈలత,1
ఆఘ,1
06301క,1
tsreraoffice,1
secretarytsrera,1
2939,1
4973,1
land,1
screen,1
ధకతలన,1
2004,1
రపరమ,1
ఠవ,1
యగలనన,1
698,1
098,1
నపక,1
90000,1
చలపత,1
బలపడట,1
దరవ,1
తనలక,1
ఆమన,1
దరపడవద,1
ఆడపడచ,1
డగలప,1
మదప,1
42వ,1
45వ,1
పడకలన,1
ఔత,1
కలగమ,1
నవతర,1
donation,1
లకనగ,1
మగమహర,1
అబల,1
ఒస,1
ý,1
లకనభ,1
freedom,1
బణమ,1
ణచ,1
ధనలప,1
రతవ,1
ఐఏఆర,1
ఐఐఓఆర,1
టయర,1
వసమ,1
గలగ,1
ణజ,1
1210,1
యసర,1
రణగణ,1
90004,1
73646,1
91543,1
30172,1
ఈఈ,1
bonsai,1
చడల,1
584,1
111న,1
50త,1
దరయ,1
లవరక,1
metro,1
3200,1
జనకమ,1
శజనక,1
700మ,1
autism,1
దవట,1
పజర,1
189,1
గపర,1
షణద,1
నకపడత,1
జగమ,1
సలపన,1
అడగక,1
ఎదగన,1
సదవక,1
registrations,1
4043,1
8781,1
omega,1
fats,1
డరన,1
cholesterol,1
